docked_ligand_index,interaction_type,ligand_atom_indices,ligand_atom_types,residue_name,residue_number,residue_atom_indices,residue_atom_types,interaction_distance,functional_groups
0,VdWContact,"(9,)","('C',)",SER,188,"(2470,)","('O',)","('bb',)",3.137,"('No_fg',)"
0,Hydrophobic,"(22,)","('C',)",PHE,289,"(3808,)","('C',)","('sc',)",4.28,"('No_fg',)"
0,Hydrophobic,"(22,)","('C',)",PHE,289,"(3810,)","('C',)","('sc',)",4.356,"('No_fg',)"
0,Hydrophobic,"(23,)","('C',)",PHE,289,"(3808,)","('C',)","('sc',)",3.804,"('No_fg',)"
0,Hydrophobic,"(23,)","('C',)",PHE,289,"(3810,)","('C',)","('sc',)",3.466,"('No_fg',)"
0,Hydrophobic,"(24,)","('C',)",PHE,289,"(3808,)","('C',)","('sc',)",4.412,"('No_fg',)"
0,Hydrophobic,"(24,)","('C',)",PHE,289,"(3809,)","('C',)","('sc',)",4.441,"('No_fg',)"
0,Hydrophobic,"(24,)","('C',)",PHE,289,"(3810,)","('C',)","('sc',)",3.731,"('No_fg',)"
0,VdWContact,"(23,)","('C',)",PHE,289,"(3819,)","('H',)","('sc',)",2.745,"('No_fg',)"
0,VdWContact,"(48,)","('H',)",PHE,289,"(3819,)","('H',)","('sc',)",2.169,"('No_fg',)"
0,Hydrophobic,"(14,)","('C',)",TRP,321,"(4200,)","('C',)","('sc',)",4.291,"('No_fg',)"
0,Hydrophobic,"(0,)","('C',)",LEU,190,"(2493,)","('C',)","('sc',)",4.121,"('No_fg',)"
0,Hydrophobic,"(4,)","('C',)",LEU,190,"(2494,)","('C',)","('sc',)",3.965,"('No_fg',)"
0,Hydrophobic,"(4,)","('C',)",LEU,190,"(2495,)","('C',)","('sc',)",4.207,"('No_fg',)"
0,Hydrophobic,"(5,)","('C',)",LEU,190,"(2494,)","('C',)","('sc',)",3.896,"('No_fg',)"
0,Hydrophobic,"(5,)","('C',)",LEU,190,"(2495,)","('C',)","('sc',)",3.627,"('No_fg',)"
0,Hydrophobic,"(6,)","('C',)",LEU,190,"(2495,)","('C',)","('sc',)",4.442,"('No_fg',)"
0,VdWContact,"(0,)","('C',)",LEU,190,"(2497,)","('H',)","('sc',)",2.662,"('No_fg',)"
0,VdWContact,"(1,)","('C',)",LEU,190,"(2497,)","('H',)","('sc',)",2.725,"(('NC=O', 'cNC(C)=O'),)"
0,VdWContact,"(3,)","('N',)",LEU,190,"(2497,)","('H',)","('sc',)",2.587,"(('NC=O', 'cNC(C)=O'),)"
0,VdWContact,"(5,)","('C',)",LEU,190,"(2502,)","('H',)","('sc',)",2.657,"('No_fg',)"
0,VdWContact,"(31,)","('H',)",LEU,190,"(2502,)","('H',)","('sc',)",1.99,"('No_fg',)"
0,Hydrophobic,"(4,)","('C',)",PHE,313,"(4063,)","('C',)","('sc',)",4.268,"('No_fg',)"
0,Hydrophobic,"(4,)","('C',)",PHE,313,"(4064,)","('C',)","('sc',)",4.329,"('No_fg',)"
0,Hydrophobic,"(5,)","('C',)",PHE,313,"(4063,)","('C',)","('sc',)",3.81,"('No_fg',)"
0,Hydrophobic,"(5,)","('C',)",PHE,313,"(4064,)","('C',)","('sc',)",3.634,"('No_fg',)"
0,Hydrophobic,"(6,)","('C',)",PHE,313,"(4063,)","('C',)","('sc',)",3.477,"('No_fg',)"
0,Hydrophobic,"(6,)","('C',)",PHE,313,"(4064,)","('C',)","('sc',)",3.582,"('No_fg',)"
0,Hydrophobic,"(7,)","('C',)",PHE,313,"(4063,)","('C',)","('sc',)",3.628,"('No_fg',)"
0,Hydrophobic,"(7,)","('C',)",PHE,313,"(4064,)","('C',)","('sc',)",4.222,"('No_fg',)"
0,Hydrophobic,"(8,)","('C',)",PHE,313,"(4063,)","('C',)","('sc',)",4.167,"('No_fg',)"
0,Hydrophobic,"(9,)","('C',)",PHE,313,"(4063,)","('C',)","('sc',)",4.455,"('No_fg',)"
0,Hydrophobic,"(10,)","('C',)",PHE,313,"(4063,)","('C',)","('sc',)",3.908,"('No_fg',)"
0,VdWContact,"(6,)","('C',)",PHE,313,"(4072,)","('H',)","('sc',)",2.719,"('No_fg',)"
0,VdWContact,"(7,)","('C',)",PHE,313,"(4072,)","('H',)","('sc',)",2.625,"('No_fg',)"
0,Hydrophobic,"(0,)","('C',)",LEU,295,"(3907,)","('C',)","('sc',)",3.832,"('No_fg',)"
0,Hydrophobic,"(0,)","('C',)",LEU,295,"(3909,)","('C',)","('sc',)",3.896,"('No_fg',)"
0,VdWContact,"(28,)","('H',)",LEU,295,"(3914,)","('H',)","('sc',)",2.017,"('No_fg',)"
0,Hydrophobic,"(0,)","('C',)",PRO,296,"(3925,)","('C',)","('sc',)",4.407,"('No_fg',)"
0,Hydrophobic,"(0,)","('C',)",PRO,296,"(3926,)","('C',)","('sc',)",3.755,"('No_fg',)"
0,VdWContact,"(0,)","('C',)",PRO,296,"(3931,)","('H',)","('sc',)",2.738,"('No_fg',)"
0,Hydrophobic,"(10,)","('C',)",VAL,317,"(4128,)","('C',)","('sc',)",4.459,"('No_fg',)"
0,VdWContact,"(26,)","('N',)",SER,198,"(2623,)","('O',)","('sc',)",2.912,"(('C#N', 'cC#N'),)"
0,VdWContact,"(26,)","('N',)",SER,198,"(2628,)","('H',)","('sc',)",2.215,"(('C#N', 'cC#N'),)"
0,Hydrophobic,"(17,)","('C',)",TRP,285,"(3735,)","('C',)","('sc',)",4.387,"('No_fg',)"
0,Hydrophobic,"(24,)","('C',)",TRP,285,"(3735,)","('C',)","('sc',)",4.235,"('No_fg',)"
0,VdWContact,"(30,)","('H',)",SER,189,"(2485,)","('H',)","('sc',)",1.921,"('No_fg',)"
0,Hydrophobic,"(14,)","('C',)",PHE,288,"(3790,)","('C',)","('sc',)",4.262,"('No_fg',)"
0,Hydrophobic,"(17,)","('C',)",PHE,288,"(3789,)","('C',)","('sc',)",3.549,"('No_fg',)"
0,Hydrophobic,"(17,)","('C',)",PHE,288,"(3790,)","('C',)","('sc',)",3.769,"('No_fg',)"
0,Hydrophobic,"(18,)","('C',)",PHE,288,"(3789,)","('C',)","('sc',)",3.713,"('No_fg',)"
0,Hydrophobic,"(18,)","('C',)",PHE,288,"(3790,)","('C',)","('sc',)",3.486,"('No_fg',)"
0,Hydrophobic,"(19,)","('C',)",PHE,288,"(3788,)","('C',)","('sc',)",4.219,"('No_fg',)"
0,Hydrophobic,"(19,)","('C',)",PHE,288,"(3789,)","('C',)","('sc',)",4.201,"('No_fg',)"
0,Hydrophobic,"(19,)","('C',)",PHE,288,"(3790,)","('C',)","('sc',)",3.513,"('No_fg',)"
0,Hydrophobic,"(21,)","('C',)",PHE,288,"(3789,)","('C',)","('sc',)",4.099,"('No_fg',)"
0,Hydrophobic,"(21,)","('C',)",PHE,288,"(3790,)","('C',)","('sc',)",3.925,"('No_fg',)"
0,Hydrophobic,"(22,)","('C',)",PHE,288,"(3789,)","('C',)","('sc',)",4.334,"('No_fg',)"
0,Hydrophobic,"(23,)","('C',)",PHE,288,"(3789,)","('C',)","('sc',)",4.257,"('No_fg',)"
0,Hydrophobic,"(24,)","('C',)",PHE,288,"(3789,)","('C',)","('sc',)",3.872,"('No_fg',)"
0,Hydrophobic,"(24,)","('C',)",PHE,288,"(3790,)","('C',)","('sc',)",4.479,"('No_fg',)"
0,VdWContact,"(44,)","('H',)",PHE,288,"(3790,)","('C',)","('sc',)",2.653,"('No_fg',)"
0,VdWContact,"(44,)","('H',)",PHE,288,"(3799,)","('H',)","('sc',)",2.005,"('No_fg',)"
0,Hydrophobic,"(21,)","('C',)",ILE,104,"(1335,)","('C',)","('sc',)",4.227,"('No_fg',)"
0,Hydrophobic,"(22,)","('C',)",ILE,104,"(1335,)","('C',)","('sc',)",4.371,"('No_fg',)"
0,HBDonor,"(12, 50)","('N', 'H')",ASP,103,"(1325,)","('O',)","('sc',)",2.716,"(('[N+]', 'C[N+](C)C'), 'No_fg')"
0,Cationic,"(12,)","('N',)",ASP,103,"(1324,)","('O',)","('sc',)",4.398,"(('[N+]', 'C[N+](C)C'),)"
0,Cationic,"(12,)","('N',)",ASP,103,"(1325,)","('O',)","('sc',)",2.716,"(('[N+]', 'C[N+](C)C'),)"
0,VdWContact,"(12,)","('N',)",ASP,103,"(1325,)","('O',)","('sc',)",2.716,"(('[N+]', 'C[N+](C)C'),)"
0,VdWContact,"(13,)","('C',)",ASP,103,"(1325,)","('O',)","('sc',)",2.862,"('No_fg',)"
0,VdWContact,"(14,)","('C',)",ASP,103,"(1325,)","('O',)","('sc',)",3.006,"('No_fg',)"
0,VdWContact,"(39,)","('H',)",ASP,103,"(1325,)","('O',)","('sc',)",2.521,"('No_fg',)"
0,VdWContact,"(41,)","('H',)",ASP,103,"(1323,)","('C',)","('sc',)",2.478,"('No_fg',)"
0,VdWContact,"(41,)","('H',)",ASP,103,"(1324,)","('O',)","('sc',)",2.339,"('No_fg',)"
0,VdWContact,"(41,)","('H',)",ASP,103,"(1325,)","('O',)","('sc',)",2.259,"('No_fg',)"
0,VdWContact,"(50,)","('H',)",ASP,103,"(1325,)","('O',)","('sc',)",1.798,"('No_fg',)"
1,VdWContact,"(28,)","('H',)",SER,188,"(2473,)","('H',)","('sc',)",2.027,"('No_fg',)"
1,Hydrophobic,"(19,)","('C',)",PHE,289,"(3810,)","('C',)","('sc',)",4.441,"('No_fg',)"
1,Hydrophobic,"(20,)","('C',)",PHE,289,"(3810,)","('C',)","('sc',)",4.159,"('No_fg',)"
1,Hydrophobic,"(21,)","('C',)",PHE,289,"(3808,)","('C',)","('sc',)",4.256,"('No_fg',)"
1,Hydrophobic,"(21,)","('C',)",PHE,289,"(3810,)","('C',)","('sc',)",3.944,"('No_fg',)"
1,Hydrophobic,"(22,)","('C',)",PHE,289,"(3808,)","('C',)","('sc',)",3.861,"('No_fg',)"
1,Hydrophobic,"(22,)","('C',)",PHE,289,"(3810,)","('C',)","('sc',)",4.031,"('No_fg',)"
1,Hydrophobic,"(23,)","('C',)",PHE,289,"(3808,)","('C',)","('sc',)",3.957,"('No_fg',)"
1,Hydrophobic,"(23,)","('C',)",PHE,289,"(3810,)","('C',)","('sc',)",4.335,"('No_fg',)"
1,Hydrophobic,"(24,)","('C',)",PHE,289,"(3808,)","('C',)","('sc',)",4.408,"('No_fg',)"
1,Hydrophobic,"(13,)","('C',)",TRP,321,"(4200,)","('C',)","('sc',)",4.488,"('No_fg',)"
1,Hydrophobic,"(18,)","('C',)",TRP,321,"(4195,)","('C',)","('sc',)",4.347,"('No_fg',)"
1,Hydrophobic,"(18,)","('C',)",TRP,321,"(4198,)","('C',)","('sc',)",3.691,"('No_fg',)"
1,Hydrophobic,"(18,)","('C',)",TRP,321,"(4200,)","('C',)","('sc',)",3.767,"('No_fg',)"
1,Hydrophobic,"(5,)","('C',)",LEU,190,"(2494,)","('C',)","('sc',)",4.34,"('No_fg',)"
1,Hydrophobic,"(6,)","('C',)",LEU,190,"(2494,)","('C',)","('sc',)",3.959,"('No_fg',)"
1,Hydrophobic,"(6,)","('C',)",LEU,190,"(2495,)","('C',)","('sc',)",4.025,"('No_fg',)"
1,Hydrophobic,"(5,)","('C',)",PHE,313,"(4063,)","('C',)","('sc',)",4.326,"('No_fg',)"
1,Hydrophobic,"(5,)","('C',)",PHE,313,"(4064,)","('C',)","('sc',)",4.384,"('No_fg',)"
1,Hydrophobic,"(6,)","('C',)",PHE,313,"(4063,)","('C',)","('sc',)",4.025,"('No_fg',)"
1,Hydrophobic,"(6,)","('C',)",PHE,313,"(4064,)","('C',)","('sc',)",4.076,"('No_fg',)"
1,Hydrophobic,"(7,)","('C',)",PHE,313,"(4063,)","('C',)","('sc',)",4.154,"('No_fg',)"
1,Hydrophobic,"(4,)","('C',)",LEU,295,"(3909,)","('C',)","('sc',)",4.427,"('No_fg',)"
1,Hydrophobic,"(5,)","('C',)",LEU,295,"(3909,)","('C',)","('sc',)",4.094,"('No_fg',)"
1,Hydrophobic,"(13,)","('C',)",VAL,317,"(4127,)","('C',)","('sc',)",4.489,"('No_fg',)"
1,Hydrophobic,"(13,)","('C',)",VAL,317,"(4128,)","('C',)","('sc',)",4.301,"('No_fg',)"
1,Hydrophobic,"(18,)","('C',)",VAL,317,"(4127,)","('C',)","('sc',)",4.092,"('No_fg',)"
1,Hydrophobic,"(18,)","('C',)",VAL,317,"(4128,)","('C',)","('sc',)",4.445,"('No_fg',)"
1,VdWContact,"(42,)","('H',)",VAL,317,"(4134,)","('H',)","('sc',)",2.188,"('No_fg',)"
1,HBAcceptor,"(25,)","('F',)",SER,198,"(2623, 2628)","('O', 'H')","('sc', 'sc')",2.621,"(('F', 'cF'),)"
1,VdWContact,"(22,)","('C',)",SER,198,"(2628,)","('H',)","('sc',)",2.785,"('No_fg',)"
1,VdWContact,"(25,)","('F',)",SER,198,"(2623,)","('O',)","('sc',)",2.621,"(('F', 'cF'),)"
1,VdWContact,"(25,)","('F',)",SER,198,"(2628,)","('H',)","('sc',)",1.668,"(('F', 'cF'),)"
1,Hydrophobic,"(16,)","('C',)",TRP,285,"(3735,)","('C',)","('sc',)",3.725,"('No_fg',)"
1,Hydrophobic,"(16,)","('C',)",TRP,285,"(3736,)","('C',)","('sc',)",4.024,"('No_fg',)"
1,VdWContact,"(28,)","('H',)",CYS,186,"(2448,)","('O',)","('bb',)",2.48,"('No_fg',)"
1,Hydrophobic,"(13,)","('C',)",PHE,288,"(3788,)","('C',)","('sc',)",4.191,"('No_fg',)"
1,Hydrophobic,"(13,)","('C',)",PHE,288,"(3789,)","('C',)","('sc',)",4.479,"('No_fg',)"
1,Hydrophobic,"(13,)","('C',)",PHE,288,"(3790,)","('C',)","('sc',)",3.827,"('No_fg',)"
1,Hydrophobic,"(14,)","('C',)",PHE,288,"(3788,)","('C',)","('sc',)",4.243,"('No_fg',)"
1,Hydrophobic,"(14,)","('C',)",PHE,288,"(3789,)","('C',)","('sc',)",3.951,"('No_fg',)"
1,Hydrophobic,"(14,)","('C',)",PHE,288,"(3790,)","('C',)","('sc',)",3.446,"('No_fg',)"
1,Hydrophobic,"(15,)","('C',)",PHE,288,"(3789,)","('C',)","('sc',)",3.705,"('No_fg',)"
1,Hydrophobic,"(15,)","('C',)",PHE,288,"(3790,)","('C',)","('sc',)",3.718,"('No_fg',)"
1,Hydrophobic,"(16,)","('C',)",PHE,288,"(3789,)","('C',)","('sc',)",4.039,"('No_fg',)"
1,Hydrophobic,"(16,)","('C',)",PHE,288,"(3790,)","('C',)","('sc',)",4.288,"('No_fg',)"
1,Hydrophobic,"(18,)","('C',)",PHE,288,"(3790,)","('C',)","('sc',)",4.393,"('No_fg',)"
1,Hydrophobic,"(19,)","('C',)",PHE,288,"(3789,)","('C',)","('sc',)",3.892,"('No_fg',)"
1,Hydrophobic,"(19,)","('C',)",PHE,288,"(3790,)","('C',)","('sc',)",4.137,"('No_fg',)"
1,Hydrophobic,"(24,)","('C',)",PHE,288,"(3789,)","('C',)","('sc',)",3.77,"('No_fg',)"
1,Hydrophobic,"(24,)","('C',)",PHE,288,"(3790,)","('C',)","('sc',)",3.85,"('No_fg',)"
1,VdWContact,"(25,)","('F',)",SER,202,"(2680,)","('O',)","('sc',)",2.946,"(('F', 'cF'),)"
1,VdWContact,"(43,)","('H',)",SER,107,"(1381,)","('C',)","('sc',)",2.757,"('No_fg',)"
1,VdWContact,"(43,)","('H',)",SER,107,"(1386,)","('H',)","('sc',)",2.152,"('No_fg',)"
1,Hydrophobic,"(3,)","('C',)",ASP,187,"(2459,)","('C',)","('sc',)",4.352,"('No_fg',)"
1,VdWContact,"(28,)","('H',)",ASP,187,"(2464,)","('H',)","('sc',)",2.17,"('No_fg',)"
1,Hydrophobic,"(0,)","('C',)",TRP,99,"(1260,)","('C',)","('sc',)",4.263,"('No_fg',)"
1,Hydrophobic,"(20,)","('C',)",ILE,104,"(1335,)","('C',)","('sc',)",4.481,"('No_fg',)"
1,Hydrophobic,"(21,)","('C',)",ILE,104,"(1336,)","('C',)","('sc',)",4.083,"('No_fg',)"
1,Hydrophobic,"(22,)","('C',)",ILE,104,"(1336,)","('C',)","('sc',)",4.394,"('No_fg',)"
1,HBDonor,"(11, 37)","('N', 'H')",ASP,103,"(1325,)","('O',)","('sc',)",2.638,"(('[N+]', 'C[N+]C'), 'No_fg')"
1,Cationic,"(11,)","('N',)",ASP,103,"(1324,)","('O',)","('sc',)",4.363,"(('[N+]', 'C[N+]C'),)"
1,Cationic,"(11,)","('N',)",ASP,103,"(1325,)","('O',)","('sc',)",2.638,"(('[N+]', 'C[N+]C'),)"
1,VdWContact,"(11,)","('N',)",ASP,103,"(1325,)","('O',)","('sc',)",2.638,"(('[N+]', 'C[N+]C'),)"
1,VdWContact,"(37,)","('H',)",ASP,103,"(1323,)","('C',)","('sc',)",2.768,"('No_fg',)"
1,VdWContact,"(37,)","('H',)",ASP,103,"(1325,)","('O',)","('sc',)",1.613,"('No_fg',)"
2,HBDonor,"(3, 30)","('N', 'H')",SER,188,"(2470,)","('O',)","('bb',)",3.493,"(('NC=O', 'cNC(C)=O'), 'No_fg')"
2,VdWContact,"(30,)","('H',)",SER,188,"(2470,)","('O',)","('bb',)",2.606,"('No_fg',)"
2,Hydrophobic,"(17,)","('C',)",PHE,289,"(3808,)","('C',)","('sc',)",4.408,"('No_fg',)"
2,Hydrophobic,"(17,)","('C',)",PHE,289,"(3810,)","('C',)","('sc',)",3.977,"('No_fg',)"
2,Hydrophobic,"(23,)","('C',)",PHE,289,"(3808,)","('C',)","('sc',)",3.8,"('No_fg',)"
2,Hydrophobic,"(23,)","('C',)",PHE,289,"(3810,)","('C',)","('sc',)",4.067,"('No_fg',)"
2,Hydrophobic,"(24,)","('C',)",PHE,289,"(3808,)","('C',)","('sc',)",3.677,"('No_fg',)"
2,Hydrophobic,"(24,)","('C',)",PHE,289,"(3810,)","('C',)","('sc',)",3.444,"('No_fg',)"
2,VdWContact,"(24,)","('C',)",PHE,289,"(3819,)","('H',)","('sc',)",2.638,"('No_fg',)"
2,VdWContact,"(49,)","('H',)",PHE,289,"(3819,)","('H',)","('sc',)",2.066,"('No_fg',)"
2,Hydrophobic,"(0,)","('C',)",LEU,190,"(2493,)","('C',)","('sc',)",4.141,"('No_fg',)"
2,Hydrophobic,"(0,)","('C',)",LEU,190,"(2494,)","('C',)","('sc',)",4.065,"('No_fg',)"
2,Hydrophobic,"(0,)","('C',)",LEU,190,"(2495,)","('C',)","('sc',)",4.439,"('No_fg',)"
2,Hydrophobic,"(4,)","('C',)",LEU,190,"(2494,)","('C',)","('sc',)",4.266,"('No_fg',)"
2,Hydrophobic,"(4,)","('C',)",LEU,190,"(2495,)","('C',)","('sc',)",4.201,"('No_fg',)"
2,Hydrophobic,"(5,)","('C',)",LEU,190,"(2495,)","('C',)","('sc',)",4.105,"('No_fg',)"
2,VdWContact,"(0,)","('C',)",LEU,190,"(2497,)","('H',)","('sc',)",2.638,"('No_fg',)"
2,VdWContact,"(26,)","('N',)",LEU,190,"(2504,)","('H',)","('sc',)",2.577,"(('C#N', 'cC#N'),)"
2,VdWContact,"(29,)","('H',)",LEU,190,"(2497,)","('H',)","('sc',)",1.757,"('No_fg',)"
2,Hydrophobic,"(4,)","('C',)",PHE,313,"(4063,)","('C',)","('sc',)",3.838,"('No_fg',)"
2,Hydrophobic,"(4,)","('C',)",PHE,313,"(4064,)","('C',)","('sc',)",3.986,"('No_fg',)"
2,Hydrophobic,"(5,)","('C',)",PHE,313,"(4063,)","('C',)","('sc',)",3.479,"('No_fg',)"
2,Hydrophobic,"(5,)","('C',)",PHE,313,"(4064,)","('C',)","('sc',)",3.35,"('No_fg',)"
2,Hydrophobic,"(6,)","('C',)",PHE,313,"(4063,)","('C',)","('sc',)",3.588,"('No_fg',)"
2,Hydrophobic,"(6,)","('C',)",PHE,313,"(4064,)","('C',)","('sc',)",3.703,"('No_fg',)"
2,Hydrophobic,"(7,)","('C',)",PHE,313,"(4063,)","('C',)","('sc',)",4.109,"('No_fg',)"
2,Hydrophobic,"(8,)","('C',)",PHE,313,"(4063,)","('C',)","('sc',)",4.477,"('No_fg',)"
2,Hydrophobic,"(9,)","('C',)",PHE,313,"(4063,)","('C',)","('sc',)",4.353,"('No_fg',)"
2,PiStacking,"(4, 5, 6, 7, 8, 9)","('C', 'C', 'C', 'C', 'C', 'C')",PHE,313,"(4059, 4060, 4062, 4064, 4063, 4061)","('C', 'C', 'C', 'C', 'C', 'C')","('sc', 'sc', 'sc', 'sc', 'sc', 'sc')",5.02,"('No_fg', 'No_fg', 'No_fg', 'No_fg', 'No_fg', 'No_fg')"
2,VdWContact,"(5,)","('C',)",PHE,313,"(4064,)","('C',)","('sc',)",3.35,"('No_fg',)"
2,VdWContact,"(5,)","('C',)",PHE,313,"(4073,)","('H',)","('sc',)",2.583,"('No_fg',)"
2,VdWContact,"(31,)","('H',)",PHE,313,"(4073,)","('H',)","('sc',)",2.119,"('No_fg',)"
2,Hydrophobic,"(0,)","('C',)",LEU,295,"(3907,)","('C',)","('sc',)",3.991,"('No_fg',)"
2,Hydrophobic,"(0,)","('C',)",LEU,295,"(3909,)","('C',)","('sc',)",3.55,"('No_fg',)"
2,Hydrophobic,"(0,)","('C',)",PRO,296,"(3926,)","('C',)","('sc',)",4.458,"('No_fg',)"
2,Hydrophobic,"(10,)","('C',)",VAL,317,"(4127,)","('C',)","('sc',)",4.473,"('No_fg',)"
2,Hydrophobic,"(10,)","('C',)",VAL,317,"(4128,)","('C',)","('sc',)",4.102,"('No_fg',)"
2,VdWContact,"(38,)","('H',)",VAL,317,"(4136,)","('H',)","('sc',)",2.129,"('No_fg',)"
2,VdWContact,"(23,)","('C',)",SER,198,"(2628,)","('H',)","('sc',)",2.662,"('No_fg',)"
2,VdWContact,"(26,)","('N',)",SER,198,"(2626,)","('H',)","('sc',)",2.548,"(('C#N', 'cC#N'),)"
2,VdWContact,"(48,)","('H',)",SER,198,"(2628,)","('H',)","('sc',)",1.988,"('No_fg',)"
2,Hydrophobic,"(5,)","('C',)",PHE,288,"(3790,)","('C',)","('sc',)",4.44,"('No_fg',)"
2,Hydrophobic,"(6,)","('C',)",PHE,288,"(3788,)","('C',)","('sc',)",3.959,"('No_fg',)"
2,Hydrophobic,"(6,)","('C',)",PHE,288,"(3790,)","('C',)","('sc',)",3.858,"('No_fg',)"
2,Hydrophobic,"(18,)","('C',)",PHE,288,"(3789,)","('C',)","('sc',)",4.477,"('No_fg',)"
2,PiStacking,"(17, 18, 21, 22, 23, 24)","('C', 'C', 'C', 'C', 'C', 'C')",PHE,288,"(3785, 3786, 3788, 3790, 3789, 3787)","('C', 'C', 'C', 'C', 'C', 'C')","('sc', 'sc', 'sc', 'sc', 'sc', 'sc')",6.029,"('No_fg', 'No_fg', 'No_fg', 'No_fg', 'No_fg', 'No_fg')"
2,VdWContact,"(32,)","('H',)",PHE,288,"(3799,)","('H',)","('sc',)",2.073,"('No_fg',)"
2,VdWContact,"(45,)","('H',)",PHE,288,"(3790,)","('C',)","('sc',)",2.723,"('No_fg',)"
2,VdWContact,"(45,)","('H',)",PHE,288,"(3799,)","('H',)","('sc',)",1.97,"('No_fg',)"
2,VdWContact,"(15,)","('C',)",SER,107,"(1381,)","('C',)","('sc',)",3.218,"('No_fg',)"
2,VdWContact,"(15,)","('C',)",SER,107,"(1385,)","('H',)","('sc',)",2.705,"('No_fg',)"
2,VdWContact,"(16,)","('O',)",SER,107,"(1381,)","('C',)","('sc',)",3.03,"(('O', 'cOC'),)"
2,VdWContact,"(16,)","('O',)",SER,107,"(1385,)","('H',)","('sc',)",2.472,"(('O', 'cOC'),)"
2,VdWContact,"(42,)","('H',)",SER,107,"(1381,)","('C',)","('sc',)",2.709,"('No_fg',)"
2,VdWContact,"(42,)","('H',)",SER,107,"(1382,)","('O',)","('sc',)",2.583,"('No_fg',)"
2,VdWContact,"(42,)","('H',)",SER,107,"(1385,)","('H',)","('sc',)",2.123,"('No_fg',)"
2,Hydrophobic,"(18,)","('C',)",ILE,104,"(1335,)","('C',)","('sc',)",3.823,"('No_fg',)"
2,Hydrophobic,"(19,)","('C',)",ILE,104,"(1335,)","('C',)","('sc',)",3.921,"('No_fg',)"
2,Hydrophobic,"(21,)","('C',)",ILE,104,"(1335,)","('C',)","('sc',)",3.7,"('No_fg',)"
2,Hydrophobic,"(21,)","('C',)",ILE,104,"(1337,)","('C',)","('sc',)",4.241,"('No_fg',)"
2,Hydrophobic,"(22,)","('C',)",ILE,104,"(1335,)","('C',)","('sc',)",4.309,"('No_fg',)"
2,VdWContact,"(18,)","('C',)",ILE,104,"(1342,)","('H',)","('sc',)",2.792,"('No_fg',)"
2,VdWContact,"(21,)","('C',)",ILE,104,"(1342,)","('H',)","('sc',)",2.644,"('No_fg',)"
2,HBDonor,"(12, 50)","('N', 'H')",ASP,103,"(1325,)","('O',)","('sc',)",2.901,"(('[N+]', 'C[N+](C)C'), 'No_fg')"
2,Cationic,"(12,)","('N',)",ASP,103,"(1324,)","('O',)","('sc',)",3.547,"(('[N+]', 'C[N+](C)C'),)"
2,Cationic,"(12,)","('N',)",ASP,103,"(1325,)","('O',)","('sc',)",2.901,"(('[N+]', 'C[N+](C)C'),)"
2,VdWContact,"(12,)","('N',)",ASP,103,"(1325,)","('O',)","('sc',)",2.901,"(('[N+]', 'C[N+](C)C'),)"
2,VdWContact,"(13,)","('C',)",ASP,103,"(1324,)","('O',)","('sc',)",3.077,"('No_fg',)"
2,VdWContact,"(39,)","('H',)",ASP,103,"(1324,)","('O',)","('sc',)",2.373,"('No_fg',)"
2,VdWContact,"(41,)","('H',)",ASP,103,"(1324,)","('O',)","('sc',)",2.524,"('No_fg',)"
2,VdWContact,"(50,)","('H',)",ASP,103,"(1323,)","('C',)","('sc',)",2.611,"('No_fg',)"
2,VdWContact,"(50,)","('H',)",ASP,103,"(1325,)","('O',)","('sc',)",1.906,"('No_fg',)"
3,Hydrophobic,"(22,)","('C',)",PHE,289,"(3808,)","('C',)","('sc',)",4.272,"('No_fg',)"
3,Hydrophobic,"(22,)","('C',)",PHE,289,"(3810,)","('C',)","('sc',)",4.369,"('No_fg',)"
3,Hydrophobic,"(23,)","('C',)",PHE,289,"(3808,)","('C',)","('sc',)",3.891,"('No_fg',)"
3,Hydrophobic,"(23,)","('C',)",PHE,289,"(3810,)","('C',)","('sc',)",3.597,"('No_fg',)"
3,Hydrophobic,"(24,)","('C',)",PHE,289,"(3808,)","('C',)","('sc',)",4.398,"('No_fg',)"
3,Hydrophobic,"(24,)","('C',)",PHE,289,"(3810,)","('C',)","('sc',)",3.71,"('No_fg',)"
3,Hydrophobic,"(14,)","('C',)",TRP,321,"(4198,)","('C',)","('sc',)",4.458,"('No_fg',)"
3,Hydrophobic,"(14,)","('C',)",TRP,321,"(4200,)","('C',)","('sc',)",4.317,"('No_fg',)"
3,VdWContact,"(39,)","('H',)",TRP,321,"(4200,)","('C',)","('sc',)",2.537,"('No_fg',)"
3,VdWContact,"(39,)","('H',)",TRP,321,"(4210,)","('H',)","('sc',)",1.982,"('No_fg',)"
3,VdWContact,"(42,)","('H',)",TRP,321,"(4197,)","('N',)","('sc',)",2.625,"('No_fg',)"
3,HBAcceptor,"(2,)","('O',)",LYS,81,"(988, 1000)","('N', 'H')","('sc', 'sc')",2.986,"(('NC=O', 'cNC(C)=O'),)"
3,PiCation,"(4, 5, 6, 7, 8, 9)","('C', 'C', 'C', 'C', 'C', 'C')",LYS,81,"(988,)","('N',)","('sc',)",3.496,"('No_fg', 'No_fg', 'No_fg', 'No_fg', 'No_fg', 'No_fg')"
3,VdWContact,"(1,)","('C',)",LYS,81,"(1000,)","('H',)","('sc',)",2.705,"(('NC=O', 'cNC(C)=O'),)"
3,VdWContact,"(2,)","('O',)",LYS,81,"(988,)","('N',)","('sc',)",2.986,"(('NC=O', 'cNC(C)=O'),)"
3,VdWContact,"(2,)","('O',)",LYS,81,"(1000,)","('H',)","('sc',)",2.007,"(('NC=O', 'cNC(C)=O'),)"
3,VdWContact,"(5,)","('C',)",LYS,81,"(1000,)","('H',)","('sc',)",2.754,"('No_fg',)"
3,Hydrophobic,"(5,)","('C',)",PHE,313,"(4061,)","('C',)","('sc',)",4.171,"('No_fg',)"
3,Hydrophobic,"(6,)","('C',)",PHE,313,"(4061,)","('C',)","('sc',)",4.387,"('No_fg',)"
3,Hydrophobic,"(6,)","('C',)",PHE,313,"(4063,)","('C',)","('sc',)",4.413,"('No_fg',)"
3,PiStacking,"(4, 5, 6, 7, 8, 9)","('C', 'C', 'C', 'C', 'C', 'C')",PHE,313,"(4059, 4060, 4062, 4064, 4063, 4061)","('C', 'C', 'C', 'C', 'C', 'C')","('sc', 'sc', 'sc', 'sc', 'sc', 'sc')",5.859,"('No_fg', 'No_fg', 'No_fg', 'No_fg', 'No_fg', 'No_fg')"
3,Hydrophobic,"(6,)","('C',)",VAL,317,"(4126,)","('C',)","('sc',)",4.325,"('No_fg',)"
3,Hydrophobic,"(6,)","('C',)",VAL,317,"(4127,)","('C',)","('sc',)",4.143,"('No_fg',)"
3,Hydrophobic,"(6,)","('C',)",VAL,317,"(4128,)","('C',)","('sc',)",3.847,"('No_fg',)"
3,Hydrophobic,"(10,)","('C',)",VAL,317,"(4127,)","('C',)","('sc',)",4.227,"('No_fg',)"
3,Hydrophobic,"(10,)","('C',)",VAL,317,"(4128,)","('C',)","('sc',)",4.354,"('No_fg',)"
3,VdWContact,"(32,)","('H',)",VAL,317,"(4135,)","('H',)","('sc',)",2.078,"('No_fg',)"
3,VdWContact,"(26,)","('N',)",SER,198,"(2623,)","('O',)","('sc',)",3.007,"(('C#N', 'cC#N'),)"
3,VdWContact,"(26,)","('N',)",SER,198,"(2628,)","('H',)","('sc',)",2.381,"(('C#N', 'cC#N'),)"
3,Hydrophobic,"(17,)","('C',)",TRP,285,"(3735,)","('C',)","('sc',)",4.323,"('No_fg',)"
3,Hydrophobic,"(14,)","('C',)",PHE,288,"(3790,)","('C',)","('sc',)",4.334,"('No_fg',)"
3,Hydrophobic,"(17,)","('C',)",PHE,288,"(3789,)","('C',)","('sc',)",3.78,"('No_fg',)"
3,Hydrophobic,"(17,)","('C',)",PHE,288,"(3790,)","('C',)","('sc',)",4.12,"('No_fg',)"
3,Hydrophobic,"(18,)","('C',)",PHE,288,"(3789,)","('C',)","('sc',)",3.622,"('No_fg',)"
3,Hydrophobic,"(18,)","('C',)",PHE,288,"(3790,)","('C',)","('sc',)",3.519,"('No_fg',)"
3,Hydrophobic,"(19,)","('C',)",PHE,288,"(3788,)","('C',)","('sc',)",4.078,"('No_fg',)"
3,Hydrophobic,"(19,)","('C',)",PHE,288,"(3789,)","('C',)","('sc',)",3.883,"('No_fg',)"
3,Hydrophobic,"(19,)","('C',)",PHE,288,"(3790,)","('C',)","('sc',)",3.321,"('No_fg',)"
3,Hydrophobic,"(21,)","('C',)",PHE,288,"(3789,)","('C',)","('sc',)",3.974,"('No_fg',)"
3,Hydrophobic,"(21,)","('C',)",PHE,288,"(3790,)","('C',)","('sc',)",3.854,"('No_fg',)"
3,Hydrophobic,"(22,)","('C',)",PHE,288,"(3789,)","('C',)","('sc',)",4.448,"('No_fg',)"
3,Hydrophobic,"(24,)","('C',)",PHE,288,"(3789,)","('C',)","('sc',)",4.303,"('No_fg',)"
3,VdWContact,"(19,)","('C',)",PHE,288,"(3790,)","('C',)","('sc',)",3.321,"('No_fg',)"
3,VdWContact,"(19,)","('C',)",PHE,288,"(3799,)","('H',)","('sc',)",2.774,"('No_fg',)"
3,VdWContact,"(44,)","('H',)",PHE,288,"(3790,)","('C',)","('sc',)",2.355,"('No_fg',)"
3,VdWContact,"(44,)","('H',)",PHE,288,"(3799,)","('H',)","('sc',)",1.97,"('No_fg',)"
3,VdWContact,"(16,)","('O',)",SER,107,"(1382,)","('O',)","('sc',)",3.01,"(('O', 'cOC'),)"
3,HBDonor,"(3, 30)","('N', 'H')",ASP,187,"(2461,)","('O',)","('sc',)",2.856,"(('NC=O', 'cNC(C)=O'), 'No_fg')"
3,VdWContact,"(3,)","('N',)",ASP,187,"(2461,)","('O',)","('sc',)",2.856,"(('NC=O', 'cNC(C)=O'),)"
3,VdWContact,"(30,)","('H',)",ASP,187,"(2460,)","('C',)","('sc',)",2.794,"('No_fg',)"
3,VdWContact,"(30,)","('H',)",ASP,187,"(2461,)","('O',)","('sc',)",2.004,"('No_fg',)"
3,VdWContact,"(34,)","('H',)",ASP,187,"(2461,)","('O',)","('sc',)",2.607,"('No_fg',)"
3,Hydrophobic,"(7,)","('C',)",TRP,99,"(1261,)","('C',)","('sc',)",4.444,"('No_fg',)"
3,Hydrophobic,"(10,)","('C',)",TRP,99,"(1260,)","('C',)","('sc',)",4.144,"('No_fg',)"
3,Hydrophobic,"(10,)","('C',)",TRP,99,"(1261,)","('C',)","('sc',)",3.684,"('No_fg',)"
3,VdWContact,"(10,)","('C',)",TRP,99,"(1271,)","('H',)","('sc',)",2.75,"('No_fg',)"
3,VdWContact,"(35,)","('H',)",TRP,99,"(1271,)","('H',)","('sc',)",2.094,"('No_fg',)"
3,Hydrophobic,"(21,)","('C',)",ILE,104,"(1335,)","('C',)","('sc',)",4.332,"('No_fg',)"
3,Hydrophobic,"(22,)","('C',)",ILE,104,"(1335,)","('C',)","('sc',)",4.341,"('No_fg',)"
3,HBDonor,"(12, 50)","('N', 'H')",ASP,103,"(1325,)","('O',)","('sc',)",2.836,"(('[N+]', 'C[N+](C)C'), 'No_fg')"
3,Cationic,"(12,)","('N',)",ASP,103,"(1324,)","('O',)","('sc',)",4.265,"(('[N+]', 'C[N+](C)C'),)"
3,Cationic,"(12,)","('N',)",ASP,103,"(1325,)","('O',)","('sc',)",2.836,"(('[N+]', 'C[N+](C)C'),)"
3,VdWContact,"(12,)","('N',)",ASP,103,"(1325,)","('O',)","('sc',)",2.836,"(('[N+]', 'C[N+](C)C'),)"
3,VdWContact,"(13,)","('C',)",ASP,103,"(1325,)","('O',)","('sc',)",2.883,"('No_fg',)"
3,VdWContact,"(14,)","('C',)",ASP,103,"(1324,)","('O',)","('sc',)",3.119,"('No_fg',)"
3,VdWContact,"(14,)","('C',)",ASP,103,"(1325,)","('O',)","('sc',)",3.142,"('No_fg',)"
3,VdWContact,"(39,)","('H',)",ASP,103,"(1325,)","('O',)","('sc',)",2.462,"('No_fg',)"
3,VdWContact,"(41,)","('H',)",ASP,103,"(1323,)","('C',)","('sc',)",2.493,"('No_fg',)"
3,VdWContact,"(41,)","('H',)",ASP,103,"(1324,)","('O',)","('sc',)",2.249,"('No_fg',)"
3,VdWContact,"(41,)","('H',)",ASP,103,"(1325,)","('O',)","('sc',)",2.459,"('No_fg',)"
3,VdWContact,"(50,)","('H',)",ASP,103,"(1325,)","('O',)","('sc',)",2.021,"('No_fg',)"
3,Hydrophobic,"(5,)","('C',)",ASP,314,"(4078,)","('C',)","('sc',)",4.238,"('No_fg',)"
4,Hydrophobic,"(17,)","('C',)",PHE,289,"(3810,)","('C',)","('sc',)",4.433,"('No_fg',)"
4,Hydrophobic,"(23,)","('C',)",PHE,289,"(3808,)","('C',)","('sc',)",3.86,"('No_fg',)"
4,Hydrophobic,"(23,)","('C',)",PHE,289,"(3810,)","('C',)","('sc',)",4.048,"('No_fg',)"
4,Hydrophobic,"(24,)","('C',)",PHE,289,"(3808,)","('C',)","('sc',)",3.824,"('No_fg',)"
4,Hydrophobic,"(24,)","('C',)",PHE,289,"(3810,)","('C',)","('sc',)",3.538,"('No_fg',)"
4,VdWContact,"(49,)","('H',)",PHE,289,"(3819,)","('H',)","('sc',)",1.957,"('No_fg',)"
4,Hydrophobic,"(10,)","('C',)",TRP,321,"(4202,)","('C',)","('sc',)",4.493,"('No_fg',)"
4,VdWContact,"(26,)","('N',)",LEU,190,"(2504,)","('H',)","('sc',)",2.521,"(('C#N', 'cC#N'),)"
4,PiCation,"(4, 5, 6, 7, 8, 9)","('C', 'C', 'C', 'C', 'C', 'C')",LYS,81,"(988,)","('N',)","('sc',)",3.553,"('No_fg', 'No_fg', 'No_fg', 'No_fg', 'No_fg', 'No_fg')"
4,Hydrophobic,"(8,)","('C',)",PHE,313,"(4061,)","('C',)","('sc',)",4.47,"('No_fg',)"
4,Hydrophobic,"(8,)","('C',)",PHE,313,"(4063,)","('C',)","('sc',)",4.451,"('No_fg',)"
4,Hydrophobic,"(9,)","('C',)",PHE,313,"(4061,)","('C',)","('sc',)",4.194,"('No_fg',)"
4,PiStacking,"(4, 5, 6, 7, 8, 9)","('C', 'C', 'C', 'C', 'C', 'C')",PHE,313,"(4059, 4060, 4062, 4064, 4063, 4061)","('C', 'C', 'C', 'C', 'C', 'C')","('sc', 'sc', 'sc', 'sc', 'sc', 'sc')",5.941,"('No_fg', 'No_fg', 'No_fg', 'No_fg', 'No_fg', 'No_fg')"
4,Hydrophobic,"(7,)","('C',)",VAL,317,"(4128,)","('C',)","('sc',)",4.484,"('No_fg',)"
4,Hydrophobic,"(8,)","('C',)",VAL,317,"(4126,)","('C',)","('sc',)",4.293,"('No_fg',)"
4,Hydrophobic,"(8,)","('C',)",VAL,317,"(4127,)","('C',)","('sc',)",4.069,"('No_fg',)"
4,Hydrophobic,"(8,)","('C',)",VAL,317,"(4128,)","('C',)","('sc',)",3.814,"('No_fg',)"
4,Hydrophobic,"(10,)","('C',)",VAL,317,"(4127,)","('C',)","('sc',)",4.105,"('No_fg',)"
4,Hydrophobic,"(10,)","('C',)",VAL,317,"(4128,)","('C',)","('sc',)",4.299,"('No_fg',)"
4,VdWContact,"(8,)","('C',)",VAL,317,"(4135,)","('H',)","('sc',)",2.778,"('No_fg',)"
4,VdWContact,"(33,)","('H',)",VAL,317,"(4132,)","('H',)","('sc',)",2.183,"('No_fg',)"
4,VdWContact,"(33,)","('H',)",VAL,317,"(4135,)","('H',)","('sc',)",2.032,"('No_fg',)"
4,Hydrophobic,"(14,)","('C',)",PHE,288,"(3790,)","('C',)","('sc',)",4.342,"('No_fg',)"
4,Hydrophobic,"(17,)","('C',)",PHE,288,"(3789,)","('C',)","('sc',)",3.936,"('No_fg',)"
4,Hydrophobic,"(17,)","('C',)",PHE,288,"(3790,)","('C',)","('sc',)",4.216,"('No_fg',)"
4,Hydrophobic,"(18,)","('C',)",PHE,288,"(3789,)","('C',)","('sc',)",4.332,"('No_fg',)"
4,Hydrophobic,"(18,)","('C',)",PHE,288,"(3790,)","('C',)","('sc',)",4.158,"('No_fg',)"
4,Hydrophobic,"(19,)","('C',)",PHE,288,"(3790,)","('C',)","('sc',)",4.428,"('No_fg',)"
4,Hydrophobic,"(24,)","('C',)",PHE,288,"(3789,)","('C',)","('sc',)",4.263,"('No_fg',)"
4,PiStacking,"(17, 18, 21, 22, 23, 24)","('C', 'C', 'C', 'C', 'C', 'C')",PHE,288,"(3785, 3786, 3788, 3790, 3789, 3787)","('C', 'C', 'C', 'C', 'C', 'C')","('sc', 'sc', 'sc', 'sc', 'sc', 'sc')",5.547,"('No_fg', 'No_fg', 'No_fg', 'No_fg', 'No_fg', 'No_fg')"
4,VdWContact,"(43,)","('H',)",PHE,288,"(3789,)","('C',)","('sc',)",2.643,"('No_fg',)"
4,VdWContact,"(43,)","('H',)",PHE,288,"(3790,)","('C',)","('sc',)",2.677,"('No_fg',)"
4,VdWContact,"(0,)","('C',)",SER,310,"(4023,)","('H',)","('sc',)",2.545,"('No_fg',)"
4,VdWContact,"(2,)","('O',)",SER,310,"(4018,)","('O',)","('bb',)",2.902,"(('NC=O', 'cNC(C)=O'),)"
4,VdWContact,"(28,)","('H',)",SER,310,"(4023,)","('H',)","('sc',)",2.002,"('No_fg',)"
4,HBDonor,"(3, 30)","('N', 'H')",ASP,187,"(2461,)","('O',)","('sc',)",2.69,"(('NC=O', 'cNC(C)=O'), 'No_fg')"
4,VdWContact,"(0,)","('C',)",ASP,187,"(2461,)","('O',)","('sc',)",3.135,"('No_fg',)"
4,VdWContact,"(3,)","('N',)",ASP,187,"(2461,)","('O',)","('sc',)",2.69,"(('NC=O', 'cNC(C)=O'),)"
4,VdWContact,"(27,)","('H',)",ASP,187,"(2460,)","('C',)","('sc',)",2.795,"('No_fg',)"
4,VdWContact,"(27,)","('H',)",ASP,187,"(2461,)","('O',)","('sc',)",2.355,"('No_fg',)"
4,VdWContact,"(30,)","('H',)",ASP,187,"(2460,)","('C',)","('sc',)",2.699,"('No_fg',)"
4,VdWContact,"(30,)","('H',)",ASP,187,"(2461,)","('O',)","('sc',)",1.679,"('No_fg',)"
4,Hydrophobic,"(6,)","('C',)",TRP,99,"(1260,)","('C',)","('sc',)",4.331,"('No_fg',)"
4,Hydrophobic,"(6,)","('C',)",TRP,99,"(1261,)","('C',)","('sc',)",4.407,"('No_fg',)"
4,Hydrophobic,"(7,)","('C',)",TRP,99,"(1261,)","('C',)","('sc',)",4.252,"('No_fg',)"
4,Hydrophobic,"(10,)","('C',)",TRP,99,"(1260,)","('C',)","('sc',)",4.147,"('No_fg',)"
4,Hydrophobic,"(10,)","('C',)",TRP,99,"(1261,)","('C',)","('sc',)",3.638,"('No_fg',)"
4,VdWContact,"(10,)","('C',)",TRP,99,"(1271,)","('H',)","('sc',)",2.707,"('No_fg',)"
4,VdWContact,"(35,)","('H',)",TRP,99,"(1261,)","('C',)","('sc',)",2.778,"('No_fg',)"
4,VdWContact,"(35,)","('H',)",TRP,99,"(1271,)","('H',)","('sc',)",2.036,"('No_fg',)"
4,Hydrophobic,"(18,)","('C',)",ILE,104,"(1335,)","('C',)","('sc',)",3.947,"('No_fg',)"
4,Hydrophobic,"(19,)","('C',)",ILE,104,"(1335,)","('C',)","('sc',)",4.224,"('No_fg',)"
4,Hydrophobic,"(21,)","('C',)",ILE,104,"(1335,)","('C',)","('sc',)",3.693,"('No_fg',)"
4,Hydrophobic,"(21,)","('C',)",ILE,104,"(1337,)","('C',)","('sc',)",4.186,"('No_fg',)"
4,Hydrophobic,"(22,)","('C',)",ILE,104,"(1335,)","('C',)","('sc',)",4.105,"('No_fg',)"
4,Hydrophobic,"(22,)","('C',)",ILE,104,"(1337,)","('C',)","('sc',)",4.455,"('No_fg',)"
4,VdWContact,"(21,)","('C',)",ILE,104,"(1342,)","('H',)","('sc',)",2.701,"('No_fg',)"
4,HBDonor,"(12, 50)","('N', 'H')",ASP,103,"(1325,)","('O',)","('sc',)",2.834,"(('[N+]', 'C[N+](C)C'), 'No_fg')"
4,Cationic,"(12,)","('N',)",ASP,103,"(1324,)","('O',)","('sc',)",4.194,"(('[N+]', 'C[N+](C)C'),)"
4,Cationic,"(12,)","('N',)",ASP,103,"(1325,)","('O',)","('sc',)",2.834,"(('[N+]', 'C[N+](C)C'),)"
4,VdWContact,"(12,)","('N',)",ASP,103,"(1325,)","('O',)","('sc',)",2.834,"(('[N+]', 'C[N+](C)C'),)"
4,VdWContact,"(13,)","('C',)",ASP,103,"(1325,)","('O',)","('sc',)",3.037,"('No_fg',)"
4,VdWContact,"(14,)","('C',)",ASP,103,"(1324,)","('O',)","('sc',)",3.128,"('No_fg',)"
4,VdWContact,"(14,)","('C',)",ASP,103,"(1325,)","('O',)","('sc',)",3.211,"('No_fg',)"
4,VdWContact,"(41,)","('H',)",ASP,103,"(1323,)","('C',)","('sc',)",2.547,"('No_fg',)"
4,VdWContact,"(41,)","('H',)",ASP,103,"(1324,)","('O',)","('sc',)",2.106,"('No_fg',)"
4,VdWContact,"(50,)","('H',)",ASP,103,"(1325,)","('O',)","('sc',)",1.927,"('No_fg',)"
4,Hydrophobic,"(9,)","('C',)",ASP,314,"(4078,)","('C',)","('sc',)",4.436,"('No_fg',)"
5,Hydrophobic,"(3,)","('C',)",PHE,289,"(3810,)","('C',)","('sc',)",4.273,"('No_fg',)"
5,Hydrophobic,"(4,)","('C',)",PHE,289,"(3808,)","('C',)","('sc',)",4.152,"('No_fg',)"
5,Hydrophobic,"(4,)","('C',)",PHE,289,"(3810,)","('C',)","('sc',)",3.883,"('No_fg',)"
5,Hydrophobic,"(5,)","('C',)",PHE,289,"(3808,)","('C',)","('sc',)",3.825,"('No_fg',)"
5,Hydrophobic,"(5,)","('C',)",PHE,289,"(3810,)","('C',)","('sc',)",4.02,"('No_fg',)"
5,Hydrophobic,"(6,)","('C',)",PHE,289,"(3808,)","('C',)","('sc',)",4.276,"('No_fg',)"
5,Hydrophobic,"(19,)","('C',)",LEU,190,"(2494,)","('C',)","('sc',)",4.413,"('No_fg',)"
5,Hydrophobic,"(21,)","('C',)",LEU,190,"(2494,)","('C',)","('sc',)",4.403,"('No_fg',)"
5,Hydrophobic,"(22,)","('C',)",LEU,190,"(2493,)","('C',)","('sc',)",4.322,"('No_fg',)"
5,Hydrophobic,"(22,)","('C',)",LEU,190,"(2494,)","('C',)","('sc',)",4.04,"('No_fg',)"
5,Hydrophobic,"(22,)","('C',)",LEU,190,"(2495,)","('C',)","('sc',)",4.124,"('No_fg',)"
5,Hydrophobic,"(23,)","('C',)",LEU,190,"(2494,)","('C',)","('sc',)",3.892,"('No_fg',)"
5,Hydrophobic,"(23,)","('C',)",LEU,190,"(2495,)","('C',)","('sc',)",3.531,"('No_fg',)"
5,Hydrophobic,"(24,)","('C',)",LEU,190,"(2494,)","('C',)","('sc',)",4.052,"('No_fg',)"
5,Hydrophobic,"(24,)","('C',)",LEU,190,"(2495,)","('C',)","('sc',)",3.758,"('No_fg',)"
5,VdWContact,"(23,)","('C',)",LEU,190,"(2502,)","('H',)","('sc',)",2.741,"('No_fg',)"
5,VdWContact,"(24,)","('C',)",LEU,190,"(2502,)","('H',)","('sc',)",2.792,"('No_fg',)"
5,Hydrophobic,"(14,)","('C',)",PHE,313,"(4063,)","('C',)","('sc',)",3.787,"('No_fg',)"
5,Hydrophobic,"(14,)","('C',)",PHE,313,"(4064,)","('C',)","('sc',)",4.4,"('No_fg',)"
5,Hydrophobic,"(15,)","('C',)",PHE,313,"(4063,)","('C',)","('sc',)",4.092,"('No_fg',)"
5,Hydrophobic,"(19,)","('C',)",PHE,313,"(4063,)","('C',)","('sc',)",3.865,"('No_fg',)"
5,Hydrophobic,"(19,)","('C',)",PHE,313,"(4064,)","('C',)","('sc',)",4.086,"('No_fg',)"
5,Hydrophobic,"(23,)","('C',)",PHE,313,"(4062,)","('C',)","('sc',)",4.33,"('No_fg',)"
5,Hydrophobic,"(23,)","('C',)",PHE,313,"(4063,)","('C',)","('sc',)",4.213,"('No_fg',)"
5,Hydrophobic,"(23,)","('C',)",PHE,313,"(4064,)","('C',)","('sc',)",3.595,"('No_fg',)"
5,Hydrophobic,"(24,)","('C',)",PHE,313,"(4062,)","('C',)","('sc',)",4.463,"('No_fg',)"
5,Hydrophobic,"(24,)","('C',)",PHE,313,"(4063,)","('C',)","('sc',)",3.612,"('No_fg',)"
5,Hydrophobic,"(24,)","('C',)",PHE,313,"(4064,)","('C',)","('sc',)",3.36,"('No_fg',)"
5,VdWContact,"(14,)","('C',)",PHE,313,"(4072,)","('H',)","('sc',)",2.756,"('No_fg',)"
5,VdWContact,"(24,)","('C',)",PHE,313,"(4064,)","('C',)","('sc',)",3.36,"('No_fg',)"
5,VdWContact,"(24,)","('C',)",PHE,313,"(4073,)","('H',)","('sc',)",2.729,"('No_fg',)"
5,Hydrophobic,"(20,)","('C',)",LEU,295,"(3909,)","('C',)","('sc',)",4.432,"('No_fg',)"
5,Hydrophobic,"(21,)","('C',)",LEU,295,"(3907,)","('C',)","('sc',)",4.377,"('No_fg',)"
5,Hydrophobic,"(21,)","('C',)",LEU,295,"(3909,)","('C',)","('sc',)",3.627,"('No_fg',)"
5,Hydrophobic,"(22,)","('C',)",LEU,295,"(3906,)","('C',)","('sc',)",4.495,"('No_fg',)"
5,Hydrophobic,"(22,)","('C',)",LEU,295,"(3907,)","('C',)","('sc',)",3.962,"('No_fg',)"
5,Hydrophobic,"(22,)","('C',)",LEU,295,"(3909,)","('C',)","('sc',)",3.334,"('No_fg',)"
5,Hydrophobic,"(23,)","('C',)",LEU,295,"(3909,)","('C',)","('sc',)",3.919,"('No_fg',)"
5,VdWContact,"(21,)","('C',)",LEU,295,"(3918,)","('H',)","('sc',)",2.758,"('No_fg',)"
5,VdWContact,"(22,)","('C',)",LEU,295,"(3909,)","('C',)","('sc',)",3.334,"('No_fg',)"
5,VdWContact,"(25,)","('F',)",PRO,296,"(3931,)","('H',)","('sc',)",2.419,"(('F', 'cF'),)"
5,VdWContact,"(32,)","('H',)",SER,198,"(2628,)","('H',)","('sc',)",2.081,"('No_fg',)"
5,VdWContact,"(21,)","('C',)",SER,189,"(2485,)","('H',)","('sc',)",2.741,"('No_fg',)"
5,VdWContact,"(44,)","('H',)",SER,189,"(2485,)","('H',)","('sc',)",2.184,"('No_fg',)"
5,Hydrophobic,"(0,)","('C',)",PHE,288,"(3789,)","('C',)","('sc',)",4.461,"('No_fg',)"
5,Hydrophobic,"(0,)","('C',)",PHE,288,"(3790,)","('C',)","('sc',)",4.226,"('No_fg',)"
5,Hydrophobic,"(7,)","('C',)",PHE,288,"(3789,)","('C',)","('sc',)",4.254,"('No_fg',)"
5,Hydrophobic,"(7,)","('C',)",PHE,288,"(3790,)","('C',)","('sc',)",4.306,"('No_fg',)"
5,VdWContact,"(1,)","('C',)",SER,107,"(1381,)","('C',)","('sc',)",3.347,"('No_fg',)"
5,VdWContact,"(28,)","('H',)",SER,107,"(1381,)","('C',)","('sc',)",2.582,"('No_fg',)"
5,VdWContact,"(28,)","('H',)",SER,107,"(1382,)","('O',)","('sc',)",2.546,"('No_fg',)"
5,VdWContact,"(30,)","('H',)",SER,107,"(1386,)","('H',)","('sc',)",2.154,"('No_fg',)"
5,Hydrophobic,"(18,)","('C',)",TRP,99,"(1260,)","('C',)","('sc',)",4.012,"('No_fg',)"
5,Hydrophobic,"(18,)","('C',)",TRP,99,"(1261,)","('C',)","('sc',)",4.465,"('No_fg',)"
5,VdWContact,"(42,)","('H',)",TRP,99,"(1270,)","('H',)","('sc',)",1.988,"('No_fg',)"
5,Hydrophobic,"(1,)","('C',)",ILE,104,"(1335,)","('C',)","('sc',)",4.469,"('No_fg',)"
5,Hydrophobic,"(2,)","('C',)",ILE,104,"(1334,)","('C',)","('sc',)",4.467,"('No_fg',)"
5,Hydrophobic,"(2,)","('C',)",ILE,104,"(1335,)","('C',)","('sc',)",4.059,"('No_fg',)"
5,Hydrophobic,"(3,)","('C',)",ILE,104,"(1334,)","('C',)","('sc',)",4.415,"('No_fg',)"
5,Hydrophobic,"(3,)","('C',)",ILE,104,"(1335,)","('C',)","('sc',)",4.44,"('No_fg',)"
5,Hydrophobic,"(3,)","('C',)",ILE,104,"(1336,)","('C',)","('sc',)",4.208,"('No_fg',)"
5,Hydrophobic,"(4,)","('C',)",ILE,104,"(1336,)","('C',)","('sc',)",4.114,"('No_fg',)"
5,Hydrophobic,"(5,)","('C',)",ILE,104,"(1336,)","('C',)","('sc',)",4.474,"('No_fg',)"
5,Hydrophobic,"(6,)","('C',)",ILE,104,"(1335,)","('C',)","('sc',)",4.448,"('No_fg',)"
5,Hydrophobic,"(7,)","('C',)",ILE,104,"(1335,)","('C',)","('sc',)",4.039,"('No_fg',)"
5,HBDonor,"(11, 37)","('N', 'H')",ASP,103,"(1325,)","('O',)","('sc',)",2.664,"(('[N+]', 'C[N+]C'), 'No_fg')"
5,Cationic,"(11,)","('N',)",ASP,103,"(1324,)","('O',)","('sc',)",4.364,"(('[N+]', 'C[N+]C'),)"
5,Cationic,"(11,)","('N',)",ASP,103,"(1325,)","('O',)","('sc',)",2.664,"(('[N+]', 'C[N+]C'),)"
5,VdWContact,"(11,)","('N',)",ASP,103,"(1325,)","('O',)","('sc',)",2.664,"(('[N+]', 'C[N+]C'),)"
5,VdWContact,"(26,)","('H',)",ASP,103,"(1324,)","('O',)","('sc',)",2.53,"('No_fg',)"
5,VdWContact,"(37,)","('H',)",ASP,103,"(1325,)","('O',)","('sc',)",1.768,"('No_fg',)"
6,VdWContact,"(24,)","('F',)",ALA,195,"(2581,)","('O',)","('bb',)",2.846,"(('F', 'CF'),)"
6,VdWContact,"(1,)","('C',)",SER,188,"(2470,)","('O',)","('bb',)",3.17,"('No_fg',)"
6,VdWContact,"(33,)","('H',)",SER,188,"(2470,)","('O',)","('bb',)",2.544,"('No_fg',)"
6,VdWContact,"(33,)","('H',)",SER,188,"(2472,)","('O',)","('sc',)",2.505,"('No_fg',)"
6,VdWContact,"(33,)","('H',)",SER,188,"(2477,)","('H',)","('sc',)",2.195,"('No_fg',)"
6,VdWContact,"(24,)","('F',)",SER,199,"(2634,)","('O',)","('sc',)",2.827,"(('F', 'CF'),)"
6,VdWContact,"(24,)","('F',)",SER,199,"(2639,)","('H',)","('sc',)",2.244,"(('F', 'CF'),)"
6,Hydrophobic,"(17,)","('C',)",PHE,289,"(3810,)","('C',)","('sc',)",4.479,"('No_fg',)"
6,Hydrophobic,"(21,)","('C',)",PHE,289,"(3808,)","('C',)","('sc',)",3.858,"('No_fg',)"
6,Hydrophobic,"(21,)","('C',)",PHE,289,"(3810,)","('C',)","('sc',)",4.262,"('No_fg',)"
6,Hydrophobic,"(22,)","('C',)",PHE,289,"(3808,)","('C',)","('sc',)",3.932,"('No_fg',)"
6,Hydrophobic,"(22,)","('C',)",PHE,289,"(3810,)","('C',)","('sc',)",3.865,"('No_fg',)"
6,Hydrophobic,"(12,)","('C',)",TRP,321,"(4198,)","('C',)","('sc',)",4.157,"('No_fg',)"
6,Hydrophobic,"(12,)","('C',)",TRP,321,"(4200,)","('C',)","('sc',)",4.047,"('No_fg',)"
6,Hydrophobic,"(13,)","('C',)",TRP,321,"(4195,)","('C',)","('sc',)",3.994,"('No_fg',)"
6,Hydrophobic,"(13,)","('C',)",TRP,321,"(4198,)","('C',)","('sc',)",3.734,"('No_fg',)"
6,Hydrophobic,"(13,)","('C',)",TRP,321,"(4200,)","('C',)","('sc',)",4.077,"('No_fg',)"
6,Hydrophobic,"(14,)","('C',)",TRP,321,"(4195,)","('C',)","('sc',)",4.47,"('No_fg',)"
6,Hydrophobic,"(7,)","('C',)",LEU,190,"(2495,)","('C',)","('sc',)",4.117,"('No_fg',)"
6,Hydrophobic,"(7,)","('C',)",LEU,190,"(2496,)","('C',)","('sc',)",4.098,"('No_fg',)"
6,Hydrophobic,"(19,)","('C',)",LEU,190,"(2495,)","('C',)","('sc',)",4.145,"('No_fg',)"
6,VdWContact,"(25,)","('F',)",LEU,190,"(2495,)","('C',)","('sc',)",2.867,"(('F', 'CF'),)"
6,VdWContact,"(25,)","('F',)",LEU,190,"(2504,)","('H',)","('sc',)",2.323,"(('F', 'CF'),)"
6,VdWContact,"(29,)","('O',)",LYS,81,"(988,)","('N',)","('sc',)",3.016,"(('O', 'CO'),)"
6,VdWContact,"(29,)","('O',)",LYS,81,"(999,)","('H',)","('sc',)",2.288,"(('O', 'CO'),)"
6,Hydrophobic,"(11,)","('C',)",VAL,317,"(4128,)","('C',)","('sc',)",4.233,"('No_fg',)"
6,Hydrophobic,"(12,)","('C',)",VAL,317,"(4126,)","('C',)","('sc',)",4.079,"('No_fg',)"
6,Hydrophobic,"(12,)","('C',)",VAL,317,"(4127,)","('C',)","('sc',)",3.63,"('No_fg',)"
6,Hydrophobic,"(12,)","('C',)",VAL,317,"(4128,)","('C',)","('sc',)",3.633,"('No_fg',)"
6,Hydrophobic,"(13,)","('C',)",VAL,317,"(4127,)","('C',)","('sc',)",4.239,"('No_fg',)"
6,VdWContact,"(12,)","('C',)",VAL,317,"(4136,)","('H',)","('sc',)",2.788,"('No_fg',)"
6,VdWContact,"(44,)","('H',)",VAL,317,"(4127,)","('C',)","('sc',)",2.601,"('No_fg',)"
6,VdWContact,"(44,)","('H',)",VAL,317,"(4128,)","('C',)","('sc',)",2.776,"('No_fg',)"
6,VdWContact,"(44,)","('H',)",VAL,317,"(4134,)","('H',)","('sc',)",1.958,"('No_fg',)"
6,VdWContact,"(44,)","('H',)",VAL,317,"(4136,)","('H',)","('sc',)",2.14,"('No_fg',)"
6,VdWContact,"(21,)","('C',)",SER,198,"(2628,)","('H',)","('sc',)",2.592,"('No_fg',)"
6,VdWContact,"(23,)","('C',)",SER,198,"(2626,)","('H',)","('sc',)",2.791,"('No_fg',)"
6,VdWContact,"(24,)","('F',)",SER,198,"(2626,)","('H',)","('sc',)",2.381,"(('F', 'CF'),)"
6,VdWContact,"(26,)","('F',)",SER,198,"(2622,)","('C',)","('sc',)",3.13,"(('F', 'CF'),)"
6,VdWContact,"(26,)","('F',)",SER,198,"(2626,)","('H',)","('sc',)",2.277,"(('F', 'CF'),)"
6,VdWContact,"(48,)","('H',)",SER,198,"(2628,)","('H',)","('sc',)",1.947,"('No_fg',)"
6,Hydrophobic,"(13,)","('C',)",TRP,285,"(3735,)","('C',)","('sc',)",4.189,"('No_fg',)"
6,Hydrophobic,"(13,)","('C',)",TRP,285,"(3736,)","('C',)","('sc',)",4.459,"('No_fg',)"
6,Hydrophobic,"(14,)","('C',)",TRP,285,"(3735,)","('C',)","('sc',)",3.679,"('No_fg',)"
6,Hydrophobic,"(14,)","('C',)",TRP,285,"(3736,)","('C',)","('sc',)",3.899,"('No_fg',)"
6,VdWContact,"(51,)","('H',)",CYS,186,"(2448,)","('O',)","('bb',)",2.261,"('No_fg',)"
6,Hydrophobic,"(9,)","('C',)",PHE,288,"(3790,)","('C',)","('sc',)",4.044,"(('C=C', 'c/C(c)=C/C'),)"
6,Hydrophobic,"(10,)","('C',)",PHE,288,"(3788,)","('C',)","('sc',)",4.423,"('No_fg',)"
6,Hydrophobic,"(10,)","('C',)",PHE,288,"(3789,)","('C',)","('sc',)",4.002,"('No_fg',)"
6,Hydrophobic,"(10,)","('C',)",PHE,288,"(3790,)","('C',)","('sc',)",3.578,"('No_fg',)"
6,Hydrophobic,"(11,)","('C',)",PHE,288,"(3788,)","('C',)","('sc',)",3.855,"('No_fg',)"
6,Hydrophobic,"(11,)","('C',)",PHE,288,"(3789,)","('C',)","('sc',)",4.205,"('No_fg',)"
6,Hydrophobic,"(11,)","('C',)",PHE,288,"(3790,)","('C',)","('sc',)",3.453,"('No_fg',)"
6,Hydrophobic,"(12,)","('C',)",PHE,288,"(3788,)","('C',)","('sc',)",3.986,"('No_fg',)"
6,Hydrophobic,"(12,)","('C',)",PHE,288,"(3789,)","('C',)","('sc',)",4.464,"('No_fg',)"
6,Hydrophobic,"(12,)","('C',)",PHE,288,"(3790,)","('C',)","('sc',)",3.885,"('No_fg',)"
6,Hydrophobic,"(13,)","('C',)",PHE,288,"(3789,)","('C',)","('sc',)",4.498,"('No_fg',)"
6,Hydrophobic,"(13,)","('C',)",PHE,288,"(3790,)","('C',)","('sc',)",4.348,"('No_fg',)"
6,Hydrophobic,"(14,)","('C',)",PHE,288,"(3789,)","('C',)","('sc',)",4.278,"('No_fg',)"
6,Hydrophobic,"(14,)","('C',)",PHE,288,"(3790,)","('C',)","('sc',)",4.421,"('No_fg',)"
6,Hydrophobic,"(15,)","('C',)",PHE,288,"(3789,)","('C',)","('sc',)",4.034,"('No_fg',)"
6,Hydrophobic,"(15,)","('C',)",PHE,288,"(3790,)","('C',)","('sc',)",4.072,"('No_fg',)"
6,Hydrophobic,"(17,)","('C',)",PHE,288,"(3789,)","('C',)","('sc',)",4.45,"('No_fg',)"
6,Hydrophobic,"(18,)","('C',)",PHE,288,"(3789,)","('C',)","('sc',)",4.369,"('No_fg',)"
6,Hydrophobic,"(18,)","('C',)",PHE,288,"(3790,)","('C',)","('sc',)",4.227,"('No_fg',)"
6,PiStacking,"(17, 18, 19, 20, 21, 22)","('C', 'C', 'C', 'C', 'C', 'C')",PHE,288,"(3785, 3786, 3788, 3790, 3789, 3787)","('C', 'C', 'C', 'C', 'C', 'C')","('sc', 'sc', 'sc', 'sc', 'sc', 'sc')",5.925,"('No_fg', 'No_fg', 'No_fg', 'No_fg', 'No_fg', 'No_fg')"
6,VdWContact,"(16,)","('S',)",SER,107,"(1381,)","('C',)","('sc',)",3.276,"(('S', 'cSc'),)"
6,VdWContact,"(16,)","('S',)",SER,107,"(1386,)","('H',)","('sc',)",2.722,"(('S', 'cSc'),)"
6,VdWContact,"(46,)","('H',)",SER,107,"(1382,)","('O',)","('sc',)",2.479,"('No_fg',)"
6,HBDonor,"(29, 54)","('O', 'H')",ASP,187,"(2461,)","('O',)","('sc',)",2.966,"(('O', 'CO'), 'No_fg')"
6,VdWContact,"(27,)","('C',)",ASP,187,"(2464,)","('H',)","('sc',)",2.642,"('No_fg',)"
6,VdWContact,"(29,)","('O',)",ASP,187,"(2461,)","('O',)","('sc',)",2.966,"(('O', 'CO'),)"
6,VdWContact,"(51,)","('H',)",ASP,187,"(2464,)","('H',)","('sc',)",2.011,"('No_fg',)"
6,VdWContact,"(54,)","('H',)",ASP,187,"(2461,)","('O',)","('sc',)",2.02,"('No_fg',)"
6,VdWContact,"(6,)","('C',)",VAL,100,"(1284,)","('H',)","('sc',)",2.64,"('No_fg',)"
6,VdWContact,"(39,)","('H',)",VAL,100,"(1284,)","('H',)","('sc',)",1.942,"('No_fg',)"
6,Hydrophobic,"(7,)","('C',)",ILE,104,"(1335,)","('C',)","('sc',)",4.075,"('No_fg',)"
6,Hydrophobic,"(7,)","('C',)",ILE,104,"(1337,)","('C',)","('sc',)",3.982,"('No_fg',)"
6,Hydrophobic,"(8,)","('C',)",ILE,104,"(1335,)","('C',)","('sc',)",4.186,"(('C=C', 'c/C(c)=C/C'),)"
6,Hydrophobic,"(9,)","('C',)",ILE,104,"(1335,)","('C',)","('sc',)",4.151,"(('C=C', 'c/C(c)=C/C'),)"
6,Hydrophobic,"(17,)","('C',)",ILE,104,"(1335,)","('C',)","('sc',)",4.087,"('No_fg',)"
6,Hydrophobic,"(18,)","('C',)",ILE,104,"(1335,)","('C',)","('sc',)",3.971,"('No_fg',)"
6,Hydrophobic,"(19,)","('C',)",ILE,104,"(1335,)","('C',)","('sc',)",4.416,"('No_fg',)"
6,Hydrophobic,"(22,)","('C',)",ILE,104,"(1336,)","('C',)","('sc',)",4.397,"('No_fg',)"
6,VdWContact,"(25,)","('F',)",ASN,292,"(3863,)","('C',)","('sc',)",3.048,"(('F', 'CF'),)"
6,VdWContact,"(25,)","('F',)",ASN,292,"(3864,)","('O',)","('sc',)",2.854,"(('F', 'CF'),)"
6,VdWContact,"(25,)","('F',)",ASN,292,"(3865,)","('N',)","('sc',)",2.6,"(('F', 'CF'),)"
6,VdWContact,"(25,)","('F',)",ASN,292,"(3870,)","('H',)","('sc',)",1.897,"(('F', 'CF'),)"
7,VdWContact,"(26,)","('F',)",ALA,195,"(2581,)","('O',)","('bb',)",2.858,"(('F', 'CF'),)"
7,VdWContact,"(3,)","('C',)",SER,188,"(2472,)","('O',)","('sc',)",3.05,"('No_fg',)"
7,VdWContact,"(4,)","('C',)",SER,188,"(2472,)","('O',)","('sc',)",3.101,"('No_fg',)"
7,VdWContact,"(34,)","('H',)",SER,188,"(2472,)","('O',)","('sc',)",2.365,"('No_fg',)"
7,VdWContact,"(36,)","('H',)",SER,188,"(2472,)","('O',)","('sc',)",2.485,"('No_fg',)"
7,VdWContact,"(26,)","('F',)",SER,199,"(2634,)","('O',)","('sc',)",2.838,"(('F', 'CF'),)"
7,VdWContact,"(26,)","('F',)",SER,199,"(2639,)","('H',)","('sc',)",2.256,"(('F', 'CF'),)"
7,Hydrophobic,"(21,)","('C',)",PHE,289,"(3808,)","('C',)","('sc',)",3.852,"('No_fg',)"
7,Hydrophobic,"(21,)","('C',)",PHE,289,"(3810,)","('C',)","('sc',)",4.256,"('No_fg',)"
7,Hydrophobic,"(22,)","('C',)",PHE,289,"(3808,)","('C',)","('sc',)",3.932,"('No_fg',)"
7,Hydrophobic,"(22,)","('C',)",PHE,289,"(3810,)","('C',)","('sc',)",3.864,"('No_fg',)"
7,Hydrophobic,"(12,)","('C',)",TRP,321,"(4198,)","('C',)","('sc',)",4.171,"('No_fg',)"
7,Hydrophobic,"(12,)","('C',)",TRP,321,"(4200,)","('C',)","('sc',)",4.038,"('No_fg',)"
7,Hydrophobic,"(13,)","('C',)",TRP,321,"(4195,)","('C',)","('sc',)",4.03,"('No_fg',)"
7,Hydrophobic,"(13,)","('C',)",TRP,321,"(4198,)","('C',)","('sc',)",3.744,"('No_fg',)"
7,Hydrophobic,"(13,)","('C',)",TRP,321,"(4200,)","('C',)","('sc',)",4.069,"('No_fg',)"
7,Hydrophobic,"(14,)","('C',)",TRP,321,"(4195,)","('C',)","('sc',)",4.481,"('No_fg',)"
7,Hydrophobic,"(7,)","('C',)",LEU,190,"(2496,)","('C',)","('sc',)",4.335,"('No_fg',)"
7,Hydrophobic,"(19,)","('C',)",LEU,190,"(2495,)","('C',)","('sc',)",4.141,"('No_fg',)"
7,VdWContact,"(6,)","('C',)",LEU,190,"(2496,)","('C',)","('sc',)",3.337,"('No_fg',)"
7,VdWContact,"(6,)","('C',)",LEU,190,"(2505,)","('H',)","('sc',)",2.757,"('No_fg',)"
7,VdWContact,"(24,)","('F',)",LEU,190,"(2495,)","('C',)","('sc',)",2.867,"(('F', 'CF'),)"
7,VdWContact,"(24,)","('F',)",LEU,190,"(2504,)","('H',)","('sc',)",2.323,"(('F', 'CF'),)"
7,VdWContact,"(38,)","('H',)",LEU,190,"(2495,)","('C',)","('sc',)",2.778,"('No_fg',)"
7,VdWContact,"(39,)","('H',)",LEU,190,"(2496,)","('C',)","('sc',)",2.537,"('No_fg',)"
7,VdWContact,"(39,)","('H',)",LEU,190,"(2505,)","('H',)","('sc',)",2.01,"('No_fg',)"
7,HBAcceptor,"(29,)","('O',)",LYS,81,"(988, 999)","('N', 'H')","('sc', 'sc')",2.778,"(('O', 'CO'),)"
7,VdWContact,"(28,)","('C',)",LYS,81,"(999,)","('H',)","('sc',)",2.735,"('No_fg',)"
7,VdWContact,"(29,)","('O',)",LYS,81,"(988,)","('N',)","('sc',)",2.778,"(('O', 'CO'),)"
7,VdWContact,"(29,)","('O',)",LYS,81,"(999,)","('H',)","('sc',)",1.845,"(('O', 'CO'),)"
7,VdWContact,"(32,)","('H',)",PHE,313,"(4072,)","('H',)","('sc',)",2.144,"('No_fg',)"
7,Hydrophobic,"(11,)","('C',)",VAL,317,"(4128,)","('C',)","('sc',)",4.306,"('No_fg',)"
7,Hydrophobic,"(12,)","('C',)",VAL,317,"(4126,)","('C',)","('sc',)",4.113,"('No_fg',)"
7,Hydrophobic,"(12,)","('C',)",VAL,317,"(4127,)","('C',)","('sc',)",3.652,"('No_fg',)"
7,Hydrophobic,"(12,)","('C',)",VAL,317,"(4128,)","('C',)","('sc',)",3.655,"('No_fg',)"
7,Hydrophobic,"(13,)","('C',)",VAL,317,"(4127,)","('C',)","('sc',)",4.225,"('No_fg',)"
7,VdWContact,"(44,)","('H',)",VAL,317,"(4127,)","('C',)","('sc',)",2.634,"('No_fg',)"
7,VdWContact,"(44,)","('H',)",VAL,317,"(4134,)","('H',)","('sc',)",2.008,"('No_fg',)"
7,VdWContact,"(44,)","('H',)",VAL,317,"(4136,)","('H',)","('sc',)",2.18,"('No_fg',)"
7,VdWContact,"(21,)","('C',)",SER,198,"(2628,)","('H',)","('sc',)",2.626,"('No_fg',)"
7,VdWContact,"(23,)","('C',)",SER,198,"(2626,)","('H',)","('sc',)",2.799,"('No_fg',)"
7,VdWContact,"(25,)","('F',)",SER,198,"(2622,)","('C',)","('sc',)",3.134,"(('F', 'CF'),)"
7,VdWContact,"(25,)","('F',)",SER,198,"(2626,)","('H',)","('sc',)",2.283,"(('F', 'CF'),)"
7,VdWContact,"(26,)","('F',)",SER,198,"(2626,)","('H',)","('sc',)",2.379,"(('F', 'CF'),)"
7,VdWContact,"(48,)","('H',)",SER,198,"(2628,)","('H',)","('sc',)",2.005,"('No_fg',)"
7,Hydrophobic,"(13,)","('C',)",TRP,285,"(3735,)","('C',)","('sc',)",4.23,"('No_fg',)"
7,Hydrophobic,"(14,)","('C',)",TRP,285,"(3735,)","('C',)","('sc',)",3.703,"('No_fg',)"
7,Hydrophobic,"(14,)","('C',)",TRP,285,"(3736,)","('C',)","('sc',)",3.926,"('No_fg',)"
7,VdWContact,"(28,)","('C',)",CYS,186,"(2448,)","('O',)","('bb',)",3.017,"('No_fg',)"
7,VdWContact,"(52,)","('H',)",CYS,186,"(2448,)","('O',)","('bb',)",2.368,"('No_fg',)"
7,Hydrophobic,"(9,)","('C',)",PHE,288,"(3790,)","('C',)","('sc',)",4.208,"(('C=C', 'c/C(c)=C/C'),)"
7,Hydrophobic,"(10,)","('C',)",PHE,288,"(3789,)","('C',)","('sc',)",4.094,"('No_fg',)"
7,Hydrophobic,"(10,)","('C',)",PHE,288,"(3790,)","('C',)","('sc',)",3.67,"('No_fg',)"
7,Hydrophobic,"(11,)","('C',)",PHE,288,"(3788,)","('C',)","('sc',)",3.952,"('No_fg',)"
7,Hydrophobic,"(11,)","('C',)",PHE,288,"(3789,)","('C',)","('sc',)",4.292,"('No_fg',)"
7,Hydrophobic,"(11,)","('C',)",PHE,288,"(3790,)","('C',)","('sc',)",3.54,"('No_fg',)"
7,Hydrophobic,"(12,)","('C',)",PHE,288,"(3788,)","('C',)","('sc',)",4.011,"('No_fg',)"
7,Hydrophobic,"(12,)","('C',)",PHE,288,"(3789,)","('C',)","('sc',)",4.494,"('No_fg',)"
7,Hydrophobic,"(12,)","('C',)",PHE,288,"(3790,)","('C',)","('sc',)",3.901,"('No_fg',)"
7,Hydrophobic,"(13,)","('C',)",PHE,288,"(3789,)","('C',)","('sc',)",4.491,"('No_fg',)"
7,Hydrophobic,"(13,)","('C',)",PHE,288,"(3790,)","('C',)","('sc',)",4.327,"('No_fg',)"
7,Hydrophobic,"(14,)","('C',)",PHE,288,"(3789,)","('C',)","('sc',)",4.275,"('No_fg',)"
7,Hydrophobic,"(14,)","('C',)",PHE,288,"(3790,)","('C',)","('sc',)",4.411,"('No_fg',)"
7,Hydrophobic,"(15,)","('C',)",PHE,288,"(3789,)","('C',)","('sc',)",4.074,"('No_fg',)"
7,Hydrophobic,"(15,)","('C',)",PHE,288,"(3790,)","('C',)","('sc',)",4.104,"('No_fg',)"
7,Hydrophobic,"(17,)","('C',)",PHE,288,"(3789,)","('C',)","('sc',)",4.488,"('No_fg',)"
7,Hydrophobic,"(18,)","('C',)",PHE,288,"(3789,)","('C',)","('sc',)",4.471,"('No_fg',)"
7,Hydrophobic,"(18,)","('C',)",PHE,288,"(3790,)","('C',)","('sc',)",4.319,"('No_fg',)"
7,PiStacking,"(17, 18, 19, 20, 21, 22)","('C', 'C', 'C', 'C', 'C', 'C')",PHE,288,"(3785, 3786, 3788, 3790, 3789, 3787)","('C', 'C', 'C', 'C', 'C', 'C')","('sc', 'sc', 'sc', 'sc', 'sc', 'sc')",5.947,"('No_fg', 'No_fg', 'No_fg', 'No_fg', 'No_fg', 'No_fg')"
7,VdWContact,"(16,)","('S',)",SER,107,"(1381,)","('C',)","('sc',)",3.263,"(('S', 'cSc'),)"
7,VdWContact,"(16,)","('S',)",SER,107,"(1386,)","('H',)","('sc',)",2.701,"(('S', 'cSc'),)"
7,VdWContact,"(46,)","('H',)",SER,107,"(1382,)","('O',)","('sc',)",2.507,"('No_fg',)"
7,Hydrophobic,"(7,)","('C',)",VAL,100,"(1277,)","('C',)","('sc',)",4.281,"('No_fg',)"
7,VdWContact,"(4,)","('C',)",VAL,100,"(1286,)","('H',)","('sc',)",2.72,"('No_fg',)"
7,VdWContact,"(36,)","('H',)",VAL,100,"(1286,)","('H',)","('sc',)",2.141,"('No_fg',)"
7,Hydrophobic,"(7,)","('C',)",ILE,104,"(1335,)","('C',)","('sc',)",3.618,"('No_fg',)"
7,Hydrophobic,"(7,)","('C',)",ILE,104,"(1337,)","('C',)","('sc',)",3.548,"('No_fg',)"
7,Hydrophobic,"(8,)","('C',)",ILE,104,"(1335,)","('C',)","('sc',)",3.919,"(('C=C', 'c/C(c)=C/C'),)"
7,Hydrophobic,"(8,)","('C',)",ILE,104,"(1337,)","('C',)","('sc',)",4.397,"(('C=C', 'c/C(c)=C/C'),)"
7,Hydrophobic,"(9,)","('C',)",ILE,104,"(1335,)","('C',)","('sc',)",4.005,"(('C=C', 'c/C(c)=C/C'),)"
7,Hydrophobic,"(17,)","('C',)",ILE,104,"(1335,)","('C',)","('sc',)",4.041,"('No_fg',)"
7,Hydrophobic,"(18,)","('C',)",ILE,104,"(1335,)","('C',)","('sc',)",3.863,"('No_fg',)"
7,Hydrophobic,"(19,)","('C',)",ILE,104,"(1335,)","('C',)","('sc',)",4.316,"('No_fg',)"
7,Hydrophobic,"(22,)","('C',)",ILE,104,"(1336,)","('C',)","('sc',)",4.408,"('No_fg',)"
7,VdWContact,"(24,)","('F',)",ASN,292,"(3863,)","('C',)","('sc',)",3.048,"(('F', 'CF'),)"
7,VdWContact,"(24,)","('F',)",ASN,292,"(3864,)","('O',)","('sc',)",2.853,"(('F', 'CF'),)"
7,VdWContact,"(24,)","('F',)",ASN,292,"(3865,)","('N',)","('sc',)",2.6,"(('F', 'CF'),)"
7,VdWContact,"(24,)","('F',)",ASN,292,"(3870,)","('H',)","('sc',)",1.897,"(('F', 'CF'),)"
